variation,mean_offset_ms,mean_abs_offset_ms,rms_offset_ms,max_offset_ms,std_dev_ms,jitter_ms,convergence_s,settling_1pct_s
Sync=5s (Stable),-227.88307584565263,1814.0416309751313,3528.1955636333723,17791.359424591064,3520.8284875843265,106.41258818243215,,
Sync=10s (Stable),-550.0792306045006,1666.978589419661,3806.598358788614,17791.411638259888,3766.643586163912,45.90933448680951,,
Sync=20s (Stable),-782.0425510406494,1590.260871251424,4613.23473233116,17792.27566719055,4546.465016245959,16.31220707328724,,
Sync=30s (Stable),-894.994330406189,3779.873490333557,6642.209084382094,17792.187929153442,6581.635561863692,112.9715481951086,,
